<?xml version="1.0" encoding="UTF-8"?>
<data-definition xmlns="http://reporting.pentaho.org/namespaces/engine/classic/bundle/data/1.0">
  <parameter-definition>
    <plain-parameter name="RefID" mandatory="false" type="java.lang.String" default-value="123">
      <attribute namespace="http://reporting.pentaho.org/namespaces/engine/parameter-attributes/core" name="role">user</attribute>
      <attribute namespace="http://reporting.pentaho.org/namespaces/engine/parameter-attributes/core" name="parameter-render-type">textbox</attribute>
      <attribute namespace="http://reporting.pentaho.org/namespaces/engine/parameter-attributes/core" name="label">RefID</attribute>
      <attribute namespace="http://reporting.pentaho.org/namespaces/engine/parameter-attributes/core" name="hidden">false</attribute>
    </plain-parameter>
  </parameter-definition>
  <data-source report-query="Query 1" limit="-1" timout="0" ref="datasources/compound-ds.xml"/>
</data-definition>
