<?xml version="1.0" encoding="UTF-8"?>
<style xmlns="http://reporting.pentaho.org/namespaces/engine/classic/bundle/style/1.0" xmlns:layout="http://reporting.pentaho.org/namespaces/engine/classic/bundle/layout/1.0" xmlns:core="http://reporting.pentaho.org/namespaces/engine/attributes/core" xmlns:html="http://reporting.pentaho.org/namespaces/engine/attributes/html" xmlns:swing="http://reporting.pentaho.org/namespaces/engine/attributes/swing" xmlns:pdf="http://reporting.pentaho.org/namespaces/engine/attributes/pdf" xmlns:designtime="http://reporting.pentaho.org/namespaces/report-designer/2.0" xmlns:crosstab="http://reporting.pentaho.org/namespaces/engine/attributes/crosstab" xmlns:pentaho="http://reporting.pentaho.org/namespaces/engine/attributes/pentaho" xmlns:table="http://reporting.pentaho.org/namespaces/engine/attributes/table" xmlns:page="http://jfreereport.sourceforge.net/namespaces/reports/legacy/ext">
  <page-definition horizontal-span="1" vertical-span="1" pageformat="A4" orientation="portrait" margin-top="25" margin-left="25" margin-bottom="25" margin-right="25"/>
  <layout:watermark designtime:hideInLayoutGUI="true">
    <element-style>
    </element-style>
  </layout:watermark>
  <layout:page-header designtime:visual-height="72.0">
    <element-style>
    </element-style>
    <layout:label>
      <element-style>
        <common-styles alignment="center" vertical-alignment="middle"/>
        <spatial-styles x="167.823" y="3" min-width="175.941" min-height="20"/>
        <text-styles font-face="Tahoma" bold="true" font-size="10"/>
      </element-style>
      <core:value>INVOICE</core:value>
    </layout:label>
    <layout:label>
      <element-style>
        <common-styles alignment="center" vertical-alignment="middle"/>
        <spatial-styles x="125.862" y="23" min-width="285.43" min-height="16"/>
        <text-styles font-face="Tahoma" bold="false" font-size="10"/>
      </element-style>
      <core:value>403 1/1, Galle Rd ,Kollupitiya, Colombo  03</core:value>
    </layout:label>
    <layout:content>
      <element-style>
        <common-styles vertical-alignment="middle"/>
        <content-styles scale="true" keep-aspect-ratio="true"/>
        <spatial-styles x="0" y="3" min-width="96.586" min-height="47.426"/>
      </element-style>
      <core:value resource-type="resource-key">resourcekey:org.pentaho.reporting.libraries.docbundle.bundleloader.RepositoryResourceBundleLoader;resources/image.png;&quot;&quot;&quot;l:designtime::original_value=C:\Users\Pirinthan\Desktop\MBSQA\initiallog.png&quot;&quot;&quot;</core:value>
    </layout:content>
  </layout:page-header>
  <layout:page-footer designtime:visual-height="72.0">
    <element-style>
    </element-style>
  </layout:page-footer>
</style>
