ID,name,P.No,Date,Fax,Emain,Province,District,Aea,SAL
152000,ABC1 DEF1,123456780,5/14/2012,123-456-780,ABC1@gmail.jm,PRO-1,DIS-11,AR-111,10000
152001,ABC2 DEF2,123456781,4/3/2014,123-456-781,ABC2@gmail.jm,PRO-1,DIS-11,AR-111,20000
152002,ABC3 DEF3,123456782,9/6/2010,123-456-782,ABC3@gmail.jm,PRO-1,DIS-11,AR-112,10000
152003,ABC4 DEF4,123456783,10/14/2013,123-456-783,ABC4@gmail.jm,PRO-2,DIS-21,AR-211,10000
152004,ABC5 DEF5,123456784,2/8/1994,123-456-784,ABC5@gmail.jm,PRO-2,DIS-22,AR-222,40000
152005,ABC6 DEF6,123456785,4/30/2000,123-456-785,ABC6@gmail.jm,PRO-3,DIS-31,AR-311,80000
152006,ABC7 DEF7,123456786,5/14/2010,123-456-786,ABC7@gmail.jm,PRO-3,DIS-31,AR-311,60000
152007,ABC8 DEF8,123456787,9/7/2002,123-456-787,ABC8@gmail.jm,PRO-3,DIS-32,AR-321,10000
152008,ABC9 DEF9,123456788,12/18/2004,123-456-788,ABC9@gmail.jm,PRO-1,DIS-12,AR-121,90000
152009,ABC10 DEF10,123456789,5/29/2009,123-456-789,ABC10@gmail.jm,PRO-1,DIS-12,AR-122,10000
