<?xml version="1.0" encoding="UTF-8"?>
<data-definition xmlns="http://reporting.pentaho.org/namespaces/engine/classic/bundle/data/1.0">
  <parameter-definition>
    <list-parameter name="StoreType" allow-multi-selection="false" strict-values="true" mandatory="false" type="java.lang.String" query="StroeType" key-column="storename" value-column="storename" default-value="All">
      <attribute namespace="http://reporting.pentaho.org/namespaces/engine/parameter-attributes/core" name="role">user</attribute>
      <attribute namespace="http://reporting.pentaho.org/namespaces/engine/parameter-attributes/core" name="parameter-render-type">dropdown</attribute>
      <attribute namespace="http://reporting.pentaho.org/namespaces/engine/parameter-attributes/core" name="re-evaluate-on-failed-values">false</attribute>
      <attribute namespace="http://reporting.pentaho.org/namespaces/engine/parameter-attributes/core" name="autofill-selection">false</attribute>
      <attribute namespace="http://reporting.pentaho.org/namespaces/engine/parameter-attributes/core" name="label">Store Type</attribute>
      <attribute namespace="http://reporting.pentaho.org/namespaces/engine/parameter-attributes/core" name="hidden">false</attribute>
    </list-parameter>
  </parameter-definition>
  <data-source report-query="Query 1" limit="-1" timout="0" ref="datasources/compound-ds.xml"/>
</data-definition>
