<?xml version="1.0" encoding="UTF-8"?>
<layout xmlns="http://reporting.pentaho.org/namespaces/engine/classic/bundle/layout/1.0" xmlns:style="http://reporting.pentaho.org/namespaces/engine/classic/bundle/style/1.0" xmlns:core="http://reporting.pentaho.org/namespaces/engine/attributes/core" xmlns:html="http://reporting.pentaho.org/namespaces/engine/attributes/html" xmlns:swing="http://reporting.pentaho.org/namespaces/engine/attributes/swing" xmlns:pdf="http://reporting.pentaho.org/namespaces/engine/attributes/pdf" xmlns:wizard="http://reporting.pentaho.org/namespaces/engine/attributes/wizard" xmlns:designtime="http://reporting.pentaho.org/namespaces/report-designer/2.0" xmlns:crosstab="http://reporting.pentaho.org/namespaces/engine/attributes/crosstab" xmlns:pentaho="http://reporting.pentaho.org/namespaces/engine/attributes/pentaho" xmlns:table="http://reporting.pentaho.org/namespaces/engine/attributes/table" core:auto-sort="true" xmlns:internal="http://reporting.pentaho.org/namespaces/engine/attributes/internal" internal:compatibility-level="5.3.0" designtime:HorizontalGuideLines="(true,0.0)" designtime:zoom="1.4799995">
  <style:element-style>
  </style:element-style>
  <report-header>
    <root-level-content designtime:visual-height="343.6488">
      <style:element-style>
      </style:element-style>
      <legacy-charts:legacy-chart xmlns:legacy-charts="http://reporting.pentaho.org/namespaces/engine/classic/legacy/charting/1.0">
        <style:element-style>
          <style:spatial-styles x="0" y="0" min-width="439.513" min-height="299.459"/>
        </style:element-style>
        <expression attribute-namespace="http://reporting.pentaho.org/namespaces/engine/classic/legacy/charting/1.0" attribute-name="primary-dataset-expression" class="org.pentaho.plugin.jfreereport.reportcharts.collectors.CategorySetDataCollector">
          <properties>
            <property name="categoryColumn">storecode</property>
            <property name="seriesColumn"></property>
            <property name="seriesName"></property>
            <property name="valueColumn">total</property>
            <property name="autoGenerateMissingSeriesNames">true</property>
          </properties>
        </expression>
        <attribute-expression namespace="http://reporting.pentaho.org/namespaces/engine/attributes/core" name="value" class="org.pentaho.plugin.jfreereport.reportcharts.BarChartExpression">
          <properties>
            <property name="autoRange" class="java.lang.Boolean">true</property>
            <property name="categoryTickFont">Tahoma-plain-6</property>
            <property name="categoryTitleFont">Tahoma-bold-8</property>
            <property name="plotForegroundAlpha">1.0</property>
            <property name="plotBackgroundAlpha">1.0</property>
            <property name="categoricalAxisMessageFormat">{0}</property>
            <property name="antiAlias" class="java.lang.Boolean">true</property>
            <property name="backgroundColor">#ffffff</property>
            <property name="categoricalLabelFormat">{2}</property>
            <property name="categoryAxisLabel">Store</property>
            <property name="chartHeight">0</property>
            <property name="chartSectionOutline" class="java.lang.Boolean">true</property>
            <property name="chartWidth">0</property>
            <property name="drawBarOutline" class="java.lang.Boolean">true</property>
            <property name="drawLegendBorder" class="java.lang.Boolean">true</property>
            <property name="horizontal" class="java.lang.Boolean">false</property>
            <property name="labelFont">Tahoma-BOLD-8</property>
            <property name="legendFont">SansSerif--8</property>
            <property name="legendLocation">bottom</property>
            <property name="noDataMessage">CHART.USER_NO_DATA_AVAILABLE</property>
            <property name="returnFileNameOnly" class="java.lang.Boolean">false</property>
            <property name="returnImageReference" class="java.lang.Boolean">false</property>
            <property name="seriesColor">#ff6600,#fcd202,#b0de09,#0d8ecf,#2a0cd0,#cd0d74,#cc0000,#00cc00,#0000cc,#3a3a3a,#ffaa72,#fde673,#d3ed77,#79c1e4,#8979e5,#e379b2,#e37272,#72e372,#7272e3,#929292,#a64100,#a48901,#739106,#085c87,#1b0887,#85084c,#850000,#008500,#000085,#000000</property>
            <property name="showBorder" class="java.lang.Boolean">false</property>
            <property name="showGridlines" class="java.lang.Boolean">true</property>
            <property name="showLegend" class="java.lang.Boolean">true</property>
            <property name="stacked" class="java.lang.Boolean">false</property>
            <property name="stackedBarRenderPercentages" class="java.lang.Boolean">false</property>
            <property name="threeD" class="java.lang.Boolean">false</property>
            <property name="titleFont">Tahoma-BOLD-8</property>
            <property name="useDrawable" class="java.lang.Boolean">true</property>
            <property name="valueAxisLabel">Count</property>
            <property name="rangeIncludesZero" class="java.lang.Boolean">false</property>
            <property name="rangeMaximum">1.0</property>
            <property name="rangeMinimum">0.0</property>
            <property name="rangeStickyZero" class="java.lang.Boolean">false</property>
            <property name="rangePeriodCount">0.0</property>
            <property name="logarithmicAxis" class="java.lang.Boolean">false</property>
            <property name="humanReadableLogarithmicFormat" class="java.lang.Boolean">false</property>
            <property name="shadowVisible" class="java.lang.Boolean">false</property>
            <property name="shadowXOffset">0</property>
            <property name="shadowYOffset">0</property>
          </properties>
        </attribute-expression>
      </legacy-charts:legacy-chart>
      <label>
        <style:element-style>
          <style:border-styles background-color="#548250"/>
          <style:common-styles vertical-alignment="middle"/>
          <style:spatial-styles x="0" y="317.568" min-width="174" min-height="20"/>
          <style:text-styles font-face="Tahoma" bold="true" font-size="10"/>
        </style:element-style>
        <core:value>Store Name</core:value>
      </label>
      <label>
        <style:element-style>
          <style:border-styles background-color="#548250"/>
          <style:common-styles vertical-alignment="middle"/>
          <style:content-styles color="black"/>
          <style:spatial-styles x="174" y="317.568" min-width="123.649" min-height="20"/>
          <style:text-styles font-face="Tahoma" bold="true" font-size="10"/>
        </style:element-style>
        <core:value>Store Type</core:value>
      </label>
      <label>
        <style:element-style>
          <style:border-styles background-color="#548250"/>
          <style:common-styles vertical-alignment="middle"/>
          <style:spatial-styles x="297.649" y="317.568" min-width="153.351" min-height="20"/>
          <style:text-styles font-face="Tahoma" bold="true" font-size="10"/>
        </style:element-style>
        <core:value>Toatal</core:value>
      </label>
    </root-level-content>
  </report-header>
  <group core:group-fields="">
    <style:element-style>
    </style:element-style>
    <fields>
    </fields>
    <group-header>
      <root-level-content designtime:hideInLayoutGUI="true">
        <style:element-style>
        </style:element-style>
      </root-level-content>
    </group-header>
    <data-body>
      <style:element-style>
      </style:element-style>
      <details-header designtime:hideInLayoutGUI="true">
        <style:element-style>
          <style:common-styles avoid-page-break="true"/>
        </style:element-style>
      </details-header>
      <details>
        <root-level-content designtime:visual-height="180.00001242370604">
          <style:element-style>
          </style:element-style>
          <text-field core:field="storecode">
            <style:element-style>
              <style:spatial-styles x="0" y="5" min-width="174" min-height="15"/>
              <style:text-styles font-face="Tahoma" font-size="10"/>
            </style:element-style>
          </text-field>
          <text-field core:field="storetype">
            <style:element-style>
              <style:spatial-styles x="174" y="5" min-width="123.649" min-height="15"/>
              <style:text-styles font-face="Tahoma" font-size="10"/>
            </style:element-style>
          </text-field>
          <number-field core:field="total">
            <style:element-style>
              <style:spatial-styles x="319.595" y="5" min-width="100" min-height="15"/>
              <style:text-styles font-face="Tahoma" font-size="10"/>
            </style:element-style>
          </number-field>
        </root-level-content>
      </details>
      <no-data>
        <root-level-content designtime:hideInLayoutGUI="true">
          <style:element-style>
          </style:element-style>
        </root-level-content>
      </no-data>
      <details-footer designtime:hideInLayoutGUI="true">
        <style:element-style>
          <style:common-styles avoid-page-break="true"/>
        </style:element-style>
      </details-footer>
    </data-body>
    <group-footer>
      <root-level-content designtime:hideInLayoutGUI="true">
        <style:element-style>
        </style:element-style>
      </root-level-content>
    </group-footer>
  </group>
  <report-footer>
    <root-level-content designtime:visual-height="24.7297">
      <style:element-style>
        <style:border-styles background-color="#bb618f"/>
        <style:spatial-styles min-width="10"/>
      </style:element-style>
      <label>
        <style:element-style>
          <style:common-styles vertical-alignment="middle"/>
          <style:spatial-styles min-width="100" min-height="20"/>
          <style:text-styles font-face="Tahoma" bold="true" font-size="10"/>
        </style:element-style>
        <core:value>Total Count :</core:value>
      </label>
      <number-field core:field="gtotal">
        <style:element-style>
          <style:common-styles vertical-alignment="middle"/>
          <style:spatial-styles x="219.595" y="0" min-width="100" min-height="20"/>
          <style:text-styles font-face="Tahoma" bold="true" font-size="10"/>
        </style:element-style>
      </number-field>
    </root-level-content>
  </report-footer>
</layout>
